{"cameraMode":{"drawMode":0,"name":"Shaded","section":"Shading Mode"},"sceneLighting":true,"audioPlay":false,"sceneViewState":{"showFog":true,"showMaterialUpdate":false,"showSkybox":true,"showFlares":true,"showImageEffects":true,"showParticleSystems":true},"in2DMode":false,"pivot":{"x":0.8837213516235352,"y":47.0359001159668,"z":0.0},"rotation":{"x":-0.14907367527484895,"y":-0.0024963899049907924,"z":0.000426663231337443,"w":-0.9888847470283508},"size":23.962684631347658,"orthographic":false}